Conta_corrente_woe,Faixa_Etaria_woe,Habitacao_woe,Finalidade_woe,Faixa_Duracao_woe,Faixa_Credito_woe,Trabalho_woe,Genero_woe,Conta_poupanca_woe,y_true,y_prob,y_pred
0.14246923142956042,0.13832756488801579,0.19415601444095756,0.41006281735679384,-0.1070327568501885,0.2622196617631684,0.022780028331819906,-0.23534083455727162,-0.0787526623430465,0,0.6284433174275863,1
0.14246923142956042,0.13832756488801579,0.19415601444095756,-0.4183022548688451,0.4988765069432615,-0.08004270767353637,0.07847161544149531,0.11303480731768506,-0.0787526623430465,1,0.5070019720010989,1
0.14246923142956042,0.13832756488801579,0.19415601444095756,-0.2411620568168881,-0.1070327568501885,-0.9118363815247749,0.022780028331819906,0.11303480731768506,-0.0787526623430465,1,0.42415542049665644,0
0.14246923142956042,-0.29473263044844766,-0.4044452202074189,-0.07961762796469163,0.4988765069432615,0.2622196617631684,0.022780028331819906,0.11303480731768506,-0.0787526623430465,1,0.5955742437864132,1
-0.4013917827205285,-0.29473263044844766,-0.4044452202074189,-0.07961762796469163,0.4988765069432615,-0.413661875312343,0.07847161544149531,-0.23534083455727162,-0.0787526623430465,1,0.3224376224851841,0
-0.4013917827205285,0.13832756488801579,0.19415601444095756,0.41006281735679384,0.4988765069432615,-0.08004270767353637,0.022780028331819906,0.11303480731768506,-0.0787526623430465,1,0.6855893178521165,1
0.14246923142956042,-0.29473263044844766,-0.4044452202074189,-0.07961762796469163,0.4988765069432615,0.2622196617631684,0.07847161544149531,0.11303480731768506,-0.0787526623430465,1,0.5782938614050133,1
0.14246923142956042,0.13832756488801579,-0.4044452202074189,0.41006281735679384,-0.42314061926688673,0.2622196617631684,0.022780028331819906,0.11303480731768506,-0.0787526623430465,0,0.6250317616513315,1
0.14246923142956042,0.13832756488801579,0.19415601444095756,0.41006281735679384,0.4988765069432615,-0.08004270767353637,0.07847161544149531,-0.23534083455727162,-0.0787526623430465,0,0.7097432498306033,1
-0.4013917827205285,-0.29473263044844766,0.19415601444095756,-0.07961762796469163,-0.42314061926688673,0.2622196617631684,-0.20441251460814672,0.11303480731768506,-0.0787526623430465,0,0.4404089665861192,0
0.14246923142956042,0.13832756488801579,0.19415601444095756,-0.4183022548688451,0.4988765069432615,0.2622196617631684,0.07847161544149531,-0.23534083455727162,0.8627835778265842,1,0.8371360671291913,1
0.14246923142956042,0.13832756488801579,0.19415601444095756,-0.07961762796469163,-0.1070327568501885,0.2622196617631684,-0.20441251460814672,0.11303480731768506,-0.0787526623430465,1,0.5902359347857922,1
-0.4013917827205285,-0.29473263044844766,0.19415601444095756,0.41006281735679384,0.4988765069432615,0.2622196617631684,0.07847161544149531,-0.23534083455727162,-0.0787526623430465,1,0.7206462900179597,1
-0.4013917827205285,0.3101549283038396,0.19415601444095756,0.41006281735679384,0.4988765069432615,-0.413661875312343,-0.20441251460814672,0.11303480731768506,-0.0787526623430465,0,0.5780068097216438,1
0.14246923142956042,-0.29473263044844766,-0.4044452202074189,-0.07961762796469163,-0.1070327568501885,0.2622196617631684,-0.20441251460814672,-0.23534083455727162,-0.0787526623430465,1,0.467755260621917,0
0.14246923142956042,0.3101549283038396,0.19415601444095756,-0.2411620568168881,-0.1070327568501885,0.2622196617631684,0.022780028331819906,0.11303480731768506,-0.0787526623430465,0,0.6739048127023584,1
-0.4013917827205285,0.13832756488801579,0.19415601444095756,-0.2411620568168881,-0.1070327568501885,0.2622196617631684,0.022780028331819906,0.11303480731768506,-0.0787526623430465,1,0.6024913329347459,1
0.14246923142956042,-0.29473263044844766,-0.4044452202074189,-0.07961762796469163,0.4988765069432615,0.2622196617631684,0.022780028331819906,-0.23534083455727162,-0.0787526623430465,1,0.6005668747450835,1
-0.4013917827205285,-0.29473263044844766,0.19415601444095756,-0.2411620568168881,0.4988765069432615,-0.08004270767353637,0.022780028331819906,0.11303480731768506,-0.0787526623430465,1,0.4337088831289464,0
0.14246923142956042,-0.29473263044844766,-0.4044452202074189,-0.07961762796469163,-0.1070327568501885,0.2622196617631684,0.022780028331819906,-0.23534083455727162,-0.0787526623430465,0,0.3730702509643782,0
-0.4013917827205285,0.13832756488801579,0.19415601444095756,0.41006281735679384,0.4988765069432615,-0.08004270767353637,0.07847161544149531,-0.23534083455727162,-0.0787526623430465,1,0.7001827062168074,1
0.14246923142956042,-0.29473263044844766,0.19415601444095756,0.41006281735679384,-0.1070327568501885,0.2622196617631684,0.022780028331819906,-0.23534083455727162,-0.0787526623430465,1,0.5325733297160435,1
-0.4013917827205285,0.13832756488801579,0.19415601444095756,0.41006281735679384,-0.42314061926688673,0.2622196617631684,0.022780028331819906,-0.23534083455727162,-0.0787526623430465,0,0.6501398816513877,1
0.14246923142956042,0.13832756488801579,0.19415601444095756,-0.07961762796469163,-0.1070327568501885,-0.08004270767353637,0.07847161544149531,0.11303480731768506,-0.0787526623430465,0,0.4683256426885534,0
-0.4013917827205285,0.13832756488801579,-0.4726044109457929,-0.4183022548688451,-0.42314061926688673,-0.9118363815247749,0.022780028331819906,0.11303480731768506,-0.1395518804061056,0,0.3593895350811369,0
0.14246923142956042,-0.29473263044844766,0.19415601444095756,0.41006281735679384,-0.1070327568501885,0.2622196617631684,0.022780028331819906,0.11303480731768506,-0.0787526623430465,1,0.5605184850784825,1
-0.4013917827205285,0.13832756488801579,-0.4726044109457929,-0.4183022548688451,-0.9939013345790789,0.2622196617631684,0.07847161544149531,0.11303480731768506,-0.0787526623430465,1,0.22725700048876665,0
0.14246923142956042,-0.29473263044844766,0.19415601444095756,-0.07961762796469163,-0.1070327568501885,0.2622196617631684,0.022780028331819906,0.11303480731768506,-0.0787526623430465,0,0.505132147755495,1
-0.4013917827205285,0.13832756488801579,0.19415601444095756,0.41006281735679384,0.4988765069432615,0.2622196617631684,0.022780028331819906,0.11303480731768506,-0.0787526623430465,1,0.7647240104120947,1
-0.4013917827205285,0.13832756488801579,0.19415601444095756,-0.2411620568168881,0.4988765069432615,0.2622196617631684,0.022780028331819906,0.11303480731768506,0.8627835778265842,0,0.8712077733579019,1
-0.4013917827205285,0.13832756488801579,-0.4044452202074189,-0.2411620568168881,-0.1070327568501885,-0.413661875312343,-0.20441251460814672,0.11303480731768506,-0.1395518804061056,1,0.376865075041139,0
-0.4013917827205285,-0.29473263044844766,0.19415601444095756,-0.2411620568168881,0.4988765069432615,0.2622196617631684,0.022780028331819906,0.11303480731768506,-0.0787526623430465,1,0.6363876257117643,1
0.14246923142956042,0.13832756488801579,0.19415601444095756,-0.07961762796469163,-0.1070327568501885,-0.413661875312343,0.07847161544149531,0.11303480731768506,-0.0787526623430465,1,0.5169342095982636,1
0.4054651081081644,-0.29473263044844766,0.19415601444095756,0.41006281735679384,-0.42314061926688673,0.2622196617631684,0.022780028331819906,0.11303480731768506,-0.0787526623430465,1,0.5046573767471345,1
0.14246923142956042,-0.29473263044844766,-0.4044452202074189,-0.07961762796469163,-0.1070327568501885,0.2622196617631684,0.022780028331819906,-0.23534083455727162,-0.0787526623430465,0,0.3730702509643782,0
0.14246923142956042,0.13832756488801579,-0.4044452202074189,-0.07961762796469163,0.4988765069432615,0.2622196617631684,0.022780028331819906,0.11303480731768506,-0.0787526623430465,1,0.6661526727127474,1
0.14246923142956042,0.13832756488801579,0.19415601444095756,-0.07961762796469163,-0.42314061926688673,-0.413661875312343,0.022780028331819906,-0.23534083455727162,-0.0787526623430465,1,0.35087512967748274,0
0.14246923142956042,-0.29473263044844766,-0.4044452202074189,0.41006281735679384,-0.1070327568501885,-0.08004270767353637,0.022780028331819906,-0.23534083455727162,-0.0787526623430465,1,0.4046319651148986,0
0.14246923142956042,-0.29473263044844766,0.19415601444095756,-0.07961762796469163,0.4988765069432615,0.2622196617631684,0.07847161544149531,-0.23534083455727162,-0.0787526623430465,1,0.5799661436028823,1
0.4054651081081644,0.3101549283038396,0.19415601444095756,0.41006281735679384,-0.1070327568501885,0.2622196617631684,0.07847161544149531,0.11303480731768506,-0.0787526623430465,1,0.700711785733353,1
-0.4013917827205285,0.13832756488801579,0.19415601444095756,-0.07961762796469163,-0.1070327568501885,0.2622196617631684,0.022780028331819906,0.11303480731768506,0.8627835778265842,1,0.8721784704420285,1
0.14246923142956042,-0.29473263044844766,0.19415601444095756,-0.07961762796469163,-0.1070327568501885,0.2622196617631684,0.022780028331819906,0.11303480731768506,-0.0787526623430465,1,0.505132147755495,1
-0.4013917827205285,0.13832756488801579,0.19415601444095756,0.41006281735679384,0.4988765069432615,0.2622196617631684,0.022780028331819906,0.11303480731768506,-0.0787526623430465,1,0.7647240104120947,1
0.14246923142956042,0.13832756488801579,0.19415601444095756,-0.07961762796469163,0.4988765069432615,-0.08004270767353637,0.022780028331819906,0.11303480731768506,-0.0787526623430465,0,0.579073110358109,1
0.14246923142956042,0.13832756488801579,0.19415601444095756,0.41006281735679384,-0.42314061926688673,0.2622196617631684,0.022780028331819906,0.11303480731768506,0.8627835778265842,1,0.886092880193913,1
0.14246923142956042,0.13832756488801579,0.19415601444095756,0.41006281735679384,-0.1070327568501885,0.2622196617631684,0.022780028331819906,-0.23534083455727162,-0.0787526623430465,0,0.6284433174275863,1
0.14246923142956042,0.13832756488801579,0.19415601444095756,-0.07961762796469163,0.4988765069432615,0.2622196617631684,0.022780028331819906,0.11303480731768506,0.8627835778265842,1,0.8869758499853969,1
0.14246923142956042,0.13832756488801579,-0.4044452202074189,-0.07961762796469163,0.4988765069432615,-0.08004270767353637,0.07847161544149531,-0.23534083455727162,0.8627835778265842,0,0.7996089900590264,1
0.14246923142956042,0.3101549283038396,0.19415601444095756,-0.07961762796469163,-0.1070327568501885,-0.413661875312343,0.022780028331819906,0.11303480731768506,-0.0787526623430465,0,0.4696749849252179,0
0.14246923142956042,0.13832756488801579,0.19415601444095756,0.41006281735679384,0.4988765069432615,0.2622196617631684,0.022780028331819906,-0.23534083455727162,-0.0787526623430465,1,0.8214754734831398,1
0.14246923142956042,0.3101549283038396,0.19415601444095756,-0.4183022548688451,0.4988765069432615,0.2622196617631684,0.022780028331819906,-0.23534083455727162,-0.0787526623430465,1,0.7049155578106772,1
-0.4013917827205285,0.13832756488801579,-0.4726044109457929,-0.4183022548688451,-0.9939013345790789,-0.9118363815247749,-0.20441251460814672,-0.23534083455727162,-0.1395518804061056,0,0.35284623956416944,0
0.14246923142956042,0.13832756488801579,-0.4044452202074189,-0.07961762796469163,0.4988765069432615,0.2622196617631684,0.022780028331819906,0.11303480731768506,-0.0787526623430465,1,0.6661526727127474,1
-0.4013917827205285,0.13832756488801579,0.19415601444095756,-0.07961762796469163,0.4988765069432615,0.2622196617631684,0.022780028331819906,0.11303480731768506,-0.1395518804061056,1,0.734090949984204,1
-0.4013917827205285,0.13832756488801579,0.19415601444095756,-0.07961762796469163,-0.1070327568501885,-0.08004270767353637,0.022780028331819906,0.11303480731768506,-0.0787526623430465,0,0.4389326114903716,0
0.14246923142956042,-0.29473263044844766,0.19415601444095756,-0.07961762796469163,0.4988765069432615,0.2622196617631684,0.022780028331819906,0.11303480731768506,0.8627835778265842,1,0.8075617513209485,1
0.14246923142956042,-0.29473263044844766,-0.4044452202074189,-0.07961762796469163,0.4988765069432615,0.2622196617631684,0.022780028331819906,0.11303480731768506,-0.1395518804061056,1,0.6271367273737781,1
0.14246923142956042,-0.29473263044844766,-0.4044452202074189,-0.07961762796469163,0.4988765069432615,0.2622196617631684,0.022780028331819906,0.11303480731768506,0.8627835778265842,1,0.804842384195932,1
0.14246923142956042,-0.29473263044844766,0.19415601444095756,0.41006281735679384,-0.1070327568501885,0.2622196617631684,0.022780028331819906,-0.23534083455727162,-0.0787526623430465,1,0.5325733297160435,1
0.14246923142956042,0.13832756488801579,0.19415601444095756,-0.07961762796469163,0.4988765069432615,0.2622196617631684,-0.20441251460814672,0.11303480731768506,-0.0787526623430465,1,0.6508168457886814,1
0.4054651081081644,0.13832756488801579,-0.4044452202074189,-0.4183022548688451,0.4988765069432615,0.2622196617631684,-0.20441251460814672,0.11303480731768506,-0.0787526623430465,1,0.6055129454767427,1
0.4054651081081644,-0.29473263044844766,0.19415601444095756,-0.07961762796469163,0.4988765069432615,-0.08004270767353637,0.022780028331819906,0.11303480731768506,0.8627835778265842,0,0.8042822905354301,1
0.14246923142956042,0.13832756488801579,0.19415601444095756,0.41006281735679384,0.4988765069432615,0.2622196617631684,0.07847161544149531,0.11303480731768506,-0.1395518804061056,1,0.7180246539260025,1
0.14246923142956042,0.3101549283038396,0.19415601444095756,-0.2411620568168881,-0.1070327568501885,-0.9118363815247749,-0.20441251460814672,0.11303480731768506,-0.0787526623430465,1,0.46316949106466665,0
0.14246923142956042,0.13832756488801579,0.19415601444095756,-0.07961762796469163,0.4988765069432615,-0.08004270767353637,0.022780028331819906,0.11303480731768506,-0.0787526623430465,0,0.579073110358109,1
0.14246923142956042,0.13832756488801579,-0.4726044109457929,-0.07961762796469163,-0.42314061926688673,-0.9118363815247749,-0.20441251460814672,0.11303480731768506,-0.0787526623430465,1,0.3806028025971599,0
-0.4013917827205285,0.13832756488801579,0.19415601444095756,-0.07961762796469163,-0.1070327568501885,0.2622196617631684,0.07847161544149531,0.11303480731768506,-0.0787526623430465,1,0.5399539375099045,1
0.14246923142956042,-0.29473263044844766,0.19415601444095756,-0.07961762796469163,-0.42314061926688673,-0.413661875312343,0.022780028331819906,0.11303480731768506,-0.0787526623430465,0,0.3516489023376665,0
0.14246923142956042,0.3101549283038396,0.19415601444095756,-0.07961762796469163,-0.42314061926688673,-0.413661875312343,-0.20441251460814672,-0.23534083455727162,-0.0787526623430465,0,0.43125273590572916,0
0.14246923142956042,0.13832756488801579,-0.4044452202074189,-0.07961762796469163,-0.1070327568501885,0.2622196617631684,0.07847161544149531,0.11303480731768506,-0.1395518804061056,1,0.45071208580360733,0
0.14246923142956042,-0.29473263044844766,0.19415601444095756,-0.07961762796469163,0.4988765069432615,-0.08004270767353637,0.07847161544149531,0.11303480731768506,-0.0787526623430465,1,0.4863199651505548,0
0.4054651081081644,-0.29473263044844766,0.19415601444095756,-0.07961762796469163,0.4988765069432615,0.2622196617631684,0.022780028331819906,0.11303480731768506,-0.0787526623430465,1,0.6958115784798943,1
-0.4013917827205285,-0.29473263044844766,0.19415601444095756,-0.07961762796469163,-0.1070327568501885,0.2622196617631684,0.07847161544149531,-0.23534083455727162,-0.0787526623430465,0,0.3948931928108755,0
0.14246923142956042,0.13832756488801579,0.19415601444095756,0.41006281735679384,0.4988765069432615,0.2622196617631684,0.022780028331819906,-0.23534083455727162,-0.0787526623430465,1,0.8214754734831398,1
0.14246923142956042,0.3101549283038396,0.19415601444095756,0.41006281735679384,0.4988765069432615,-0.08004270767353637,0.07847161544149531,-0.23534083455727162,-0.0787526623430465,1,0.7265856390443328,1
-0.4013917827205285,0.13832756488801579,0.19415601444095756,-0.07961762796469163,-0.9939013345790789,-0.9118363815247749,-0.20441251460814672,-0.23534083455727162,-0.0787526623430465,0,0.28306957383408504,0
-0.4013917827205285,0.13832756488801579,0.19415601444095756,-0.2411620568168881,-0.1070327568501885,0.2622196617631684,0.022780028331819906,0.11303480731768506,-0.0787526623430465,0,0.6024913329347459,1
0.14246923142956042,0.13832756488801579,0.19415601444095756,-0.4183022548688451,-0.42314061926688673,-0.9118363815247749,-0.20441251460814672,0.11303480731768506,-0.0787526623430465,1,0.3210055058215473,0
-0.4013917827205285,0.13832756488801579,-0.4726044109457929,-0.07961762796469163,-0.1070327568501885,0.2622196617631684,0.022780028331819906,0.11303480731768506,-0.0787526623430465,1,0.4581277950544336,0
-0.4013917827205285,-0.29473263044844766,-0.4044452202074189,-0.07961762796469163,-0.1070327568501885,-0.9118363815247749,-0.20441251460814672,-0.23534083455727162,-0.0787526623430465,0,0.228259435056985,0
0.4054651081081644,-0.29473263044844766,0.19415601444095756,-0.07961762796469163,-0.1070327568501885,0.2622196617631684,0.022780028331819906,0.11303480731768506,-0.0787526623430465,1,0.6092511482132797,1
-0.4013917827205285,-0.29473263044844766,0.19415601444095756,0.41006281735679384,-0.1070327568501885,0.2622196617631684,0.07847161544149531,0.11303480731768506,0.8627835778265842,0,0.7984209186060031,1
0.14246923142956042,0.13832756488801579,-0.4726044109457929,0.41006281735679384,-0.1070327568501885,-0.9118363815247749,0.022780028331819906,0.11303480731768506,-0.0787526623430465,1,0.5725010007448266,1
0.14246923142956042,0.13832756488801579,0.19415601444095756,-0.07961762796469163,-0.42314061926688673,-0.413661875312343,0.022780028331819906,0.11303480731768506,-0.0787526623430465,1,0.4245784991155046,0
0.14246923142956042,0.13832756488801579,-0.4726044109457929,0.41006281735679384,0.4988765069432615,0.2622196617631684,0.022780028331819906,0.11303480731768506,-0.0787526623430465,1,0.7138248327355673,1
-0.4013917827205285,-0.29473263044844766,-0.4044452202074189,-0.07961762796469163,-0.1070327568501885,-0.413661875312343,0.07847161544149531,0.11303480731768506,-0.0787526623430465,1,0.36768772763948276,0
0.14246923142956042,0.13832756488801579,0.19415601444095756,-0.07961762796469163,-0.1070327568501885,0.2622196617631684,0.022780028331819906,-0.23534083455727162,-0.0787526623430465,1,0.48050268901371107,0
0.4054651081081644,0.13832756488801579,0.19415601444095756,-0.07961762796469163,0.4988765069432615,0.2622196617631684,0.022780028331819906,0.11303480731768506,0.8627835778265842,1,0.9121982561527774,1
-0.4013917827205285,0.13832756488801579,0.19415601444095756,-0.07961762796469163,0.4988765069432615,0.2622196617631684,-0.20441251460814672,0.11303480731768506,-0.0787526623430465,1,0.6529252251330316,1
0.14246923142956042,-0.29473263044844766,0.19415601444095756,-0.07961762796469163,0.4988765069432615,0.2622196617631684,0.022780028331819906,0.11303480731768506,-0.0787526623430465,1,0.606964416383764,1
-0.4013917827205285,0.13832756488801579,-0.4726044109457929,-0.2411620568168881,-0.1070327568501885,-0.413661875312343,-0.20441251460814672,-0.23534083455727162,-0.0787526623430465,0,0.38359309543716674,0
-0.4013917827205285,0.13832756488801579,-0.4726044109457929,-0.07961762796469163,-0.1070327568501885,-0.9118363815247749,-0.20441251460814672,-0.23534083455727162,-0.0787526623430465,0,0.34499151124168137,0
0.4054651081081644,0.13832756488801579,-0.4044452202074189,0.41006281735679384,0.4988765069432615,-0.08004270767353637,0.022780028331819906,-0.23534083455727162,0.8627835778265842,1,0.8497794496309612,1
0.14246923142956042,0.13832756488801579,-0.4726044109457929,-0.07961762796469163,-0.1070327568501885,0.2622196617631684,0.022780028331819906,0.11303480731768506,-0.0787526623430465,1,0.5109832941786973,1
0.14246923142956042,0.13832756488801579,0.19415601444095756,-0.07961762796469163,0.4988765069432615,0.2622196617631684,-0.20441251460814672,0.11303480731768506,-0.0787526623430465,1,0.6508168457886814,1
0.14246923142956042,0.13832756488801579,0.19415601444095756,-0.07961762796469163,-0.42314061926688673,0.2622196617631684,-0.20441251460814672,0.11303480731768506,-0.0787526623430465,1,0.546674726643059,1
0.4054651081081644,0.3101549283038396,0.19415601444095756,0.41006281735679384,-0.1070327568501885,0.2622196617631684,0.07847161544149531,-0.23534083455727162,0.8627835778265842,1,0.8721230163112536,1
-0.4013917827205285,0.13832756488801579,-0.4726044109457929,-0.07961762796469163,-0.42314061926688673,-0.9118363815247749,0.022780028331819906,0.11303480731768506,-0.0787526623430465,0,0.34512646117488943,0
0.4054651081081644,-0.29473263044844766,0.19415601444095756,0.41006281735679384,-0.42314061926688673,0.2622196617631684,0.022780028331819906,0.11303480731768506,-0.0787526623430465,1,0.5046573767471345,1
0.14246923142956042,0.13832756488801579,0.19415601444095756,-0.07961762796469163,-0.1070327568501885,-0.08004270767353637,0.022780028331819906,0.11303480731768506,-0.0787526623430465,1,0.4963926895118569,0
-0.4013917827205285,-0.29473263044844766,0.19415601444095756,0.41006281735679384,-0.1070327568501885,-0.08004270767353637,0.07847161544149531,-0.23534083455727162,-0.0787526623430465,1,0.5169524209769336,1
0.14246923142956042,0.13832756488801579,-0.4044452202074189,-0.07961762796469163,0.4988765069432615,0.2622196617631684,0.07847161544149531,0.11303480731768506,0.8627835778265842,1,0.8571808489367485,1
0.14246923142956042,-0.29473263044844766,-0.4044452202074189,-0.07961762796469163,0.4988765069432615,0.2622196617631684,0.022780028331819906,-0.23534083455727162,-0.0787526623430465,1,0.6005668747450835,1
0.14246923142956042,-0.29473263044844766,-0.4726044109457929,-0.07961762796469163,0.4988765069432615,0.2622196617631684,-0.20441251460814672,0.11303480731768506,-0.0787526623430465,0,0.6707490322606432,1
0.14246923142956042,0.13832756488801579,0.19415601444095756,0.41006281735679384,-0.9939013345790789,-0.413661875312343,0.022780028331819906,0.11303480731768506,-0.0787526623430465,1,0.33509943427760147,0
-0.4013917827205285,0.13832756488801579,0.19415601444095756,0.41006281735679384,-0.1070327568501885,-0.413661875312343,0.022780028331819906,0.11303480731768506,-0.0787526623430465,1,0.5446712747653114,1
-0.4013917827205285,-0.29473263044844766,-0.4726044109457929,-0.4183022548688451,-0.1070327568501885,0.2622196617631684,0.022780028331819906,-0.23534083455727162,-0.0787526623430465,1,0.3498373517671265,0
0.14246923142956042,0.13832756488801579,-0.4726044109457929,-0.07961762796469163,0.4988765069432615,0.2622196617631684,0.022780028331819906,-0.23534083455727162,0.8627835778265842,1,0.6152598984352323,1
0.14246923142956042,-0.29473263044844766,0.19415601444095756,0.41006281735679384,-0.9939013345790789,-0.9118363815247749,0.022780028331819906,-0.23534083455727162,-0.1395518804061056,1,0.35487802146897013,0
-0.4013917827205285,0.13832756488801579,0.19415601444095756,-0.2411620568168881,-0.1070327568501885,0.2622196617631684,0.022780028331819906,-0.23534083455727162,-0.0787526623430465,1,0.5347759516038598,1
0.14246923142956042,-0.29473263044844766,0.19415601444095756,0.41006281735679384,-0.1070327568501885,-0.08004270767353637,0.022780028331819906,0.11303480731768506,-0.0787526623430465,1,0.5412003364158153,1
-0.4013917827205285,0.13832756488801579,0.19415601444095756,-0.4183022548688451,0.4988765069432615,0.2622196617631684,-0.20441251460814672,-0.23534083455727162,-0.0787526623430465,0,0.6510405255097496,1
-0.4013917827205285,0.13832756488801579,-0.4044452202074189,-0.07961762796469163,-0.1070327568501885,-0.413661875312343,0.022780028331819906,-0.23534083455727162,0.8627835778265842,1,0.6400534435386441,1
0.14246923142956042,0.13832756488801579,-0.4044452202074189,0.41006281735679384,0.4988765069432615,-0.08004270767353637,0.07847161544149531,0.11303480731768506,-0.0787526623430465,1,0.6680984402628686,1
-0.4013917827205285,0.3101549283038396,-0.4044452202074189,-0.07961762796469163,-0.42314061926688673,-0.413661875312343,0.022780028331819906,-0.23534083455727162,-0.0787526623430465,1,0.25233140684477534,0
0.14246923142956042,0.13832756488801579,0.19415601444095756,-0.07961762796469163,-0.1070327568501885,0.2622196617631684,-0.20441251460814672,0.11303480731768506,-0.0787526623430465,1,0.5902359347857922,1
-0.4013917827205285,0.13832756488801579,-0.4726044109457929,-0.07961762796469163,-0.1070327568501885,0.2622196617631684,0.022780028331819906,0.11303480731768506,-0.1395518804061056,1,0.46181209286889774,0
-0.4013917827205285,-0.29473263044844766,0.19415601444095756,-0.07961762796469163,0.4988765069432615,0.2622196617631684,0.022780028331819906,0.11303480731768506,-0.0787526623430465,1,0.5793829672228485,1
0.14246923142956042,0.13832756488801579,0.19415601444095756,-0.07961762796469163,-0.1070327568501885,-0.9118363815247749,0.022780028331819906,0.11303480731768506,-0.0787526623430465,1,0.4164505331459867,0
0.14246923142956042,0.13832756488801579,0.19415601444095756,-0.07961762796469163,-0.1070327568501885,0.2622196617631684,0.022780028331819906,0.11303480731768506,-0.0787526623430465,1,0.5687654303680993,1
-0.4013917827205285,0.3101549283038396,0.19415601444095756,0.41006281735679384,0.4988765069432615,0.2622196617631684,0.022780028331819906,0.11303480731768506,-0.0787526623430465,1,0.8279196660957645,1
0.14246923142956042,-0.29473263044844766,-0.4044452202074189,-0.07961762796469163,0.4988765069432615,-0.08004270767353637,0.022780028331819906,-0.23534083455727162,-0.0787526623430465,1,0.5034253057075359,1
0.14246923142956042,0.13832756488801579,0.19415601444095756,0.41006281735679384,-0.42314061926688673,-0.413661875312343,0.022780028331819906,0.11303480731768506,-0.0787526623430465,1,0.5284591222064354,1
0.14246923142956042,-0.29473263044844766,0.19415601444095756,0.41006281735679384,0.4988765069432615,-0.08004270767353637,0.022780028331819906,-0.23534083455727162,-0.0787526623430465,1,0.7234663388011817,1
0.14246923142956042,-0.29473263044844766,0.19415601444095756,-0.2411620568168881,0.4988765069432615,-0.08004270767353637,0.022780028331819906,-0.23534083455727162,-0.0787526623430465,1,0.4937169574110405,0
0.14246923142956042,0.13832756488801579,0.19415601444095756,-0.07961762796469163,0.4988765069432615,0.2622196617631684,0.022780028331819906,0.11303480731768506,0.8627835778265842,1,0.8869758499853969,1
0.14246923142956042,0.13832756488801579,0.19415601444095756,-0.07961762796469163,0.4988765069432615,-0.08004270767353637,0.07847161544149531,0.11303480731768506,-0.0787526623430465,1,0.5613929966878377,1
0.14246923142956042,-0.29473263044844766,-0.4044452202074189,-0.2411620568168881,-0.1070327568501885,0.2622196617631684,0.07847161544149531,-0.23534083455727162,-0.1395518804061056,1,0.37213156735533653,0
0.14246923142956042,0.3101549283038396,-0.4726044109457929,-0.07961762796469163,0.4988765069432615,0.2622196617631684,-0.20441251460814672,-0.23534083455727162,-0.0787526623430465,1,0.7580653726160146,1
-0.4013917827205285,0.13832756488801579,0.19415601444095756,-0.07961762796469163,-0.42314061926688673,0.2622196617631684,0.07847161544149531,-0.23534083455727162,-0.0787526623430465,1,0.46271129841869885,0
0.14246923142956042,0.13832756488801579,0.19415601444095756,-0.07961762796469163,-0.1070327568501885,0.2622196617631684,0.022780028331819906,0.11303480731768506,-0.0787526623430465,0,0.5687654303680993,1
0.14246923142956042,0.13832756488801579,0.19415601444095756,-0.07961762796469163,-0.1070327568501885,0.2622196617631684,0.07847161544149531,0.11303480731768506,-0.0787526623430465,0,0.5203171068056434,1
-0.4013917827205285,0.13832756488801579,-0.4044452202074189,-0.07961762796469163,-0.1070327568501885,-0.413661875312343,-0.20441251460814672,0.11303480731768506,-0.0787526623430465,1,0.42715020970143125,0
-0.4013917827205285,0.13832756488801579,0.19415601444095756,-0.2411620568168881,-0.1070327568501885,0.2622196617631684,0.07847161544149531,0.11303480731768506,0.8627835778265842,1,0.810939902749834,1
0.14246923142956042,0.13832756488801579,0.19415601444095756,-0.07961762796469163,0.4988765069432615,0.2622196617631684,0.07847161544149531,0.11303480731768506,-0.0787526623430465,1,0.6785105188158889,1
0.14246923142956042,0.13832756488801579,0.19415601444095756,-0.07961762796469163,0.4988765069432615,0.2622196617631684,0.07847161544149531,-0.23534083455727162,-0.0787526623430465,1,0.6523122441337034,1
0.14246923142956042,-0.29473263044844766,0.19415601444095756,-0.4183022548688451,0.4988765069432615,-0.08004270767353637,0.022780028331819906,-0.23534083455727162,-0.0787526623430465,0,0.4989757086436964,0
0.14246923142956042,0.13832756488801579,0.19415601444095756,-0.07961762796469163,0.4988765069432615,0.2622196617631684,0.07847161544149531,0.11303480731768506,-0.0787526623430465,1,0.6785105188158889,1
0.14246923142956042,0.13832756488801579,0.19415601444095756,0.41006281735679384,-0.1070327568501885,0.2622196617631684,0.022780028331819906,0.11303480731768506,-0.0787526623430465,1,0.6782684325498718,1
-0.4013917827205285,-0.29473263044844766,0.19415601444095756,-0.07961762796469163,-0.1070327568501885,-0.08004270767353637,0.022780028331819906,0.11303480731768506,-0.0787526623430465,1,0.38534709766008246,0
0.14246923142956042,0.3101549283038396,0.19415601444095756,0.41006281735679384,0.4988765069432615,0.2622196617631684,0.022780028331819906,0.11303480731768506,-0.0787526623430465,1,0.8588327933533958,1
-0.4013917827205285,-0.29473263044844766,0.19415601444095756,0.41006281735679384,0.4988765069432615,-0.08004270767353637,0.07847161544149531,0.11303480731768506,-0.0787526623430465,1,0.6803988877711528,1
0.14246923142956042,0.13832756488801579,-0.4726044109457929,-0.4183022548688451,-0.9939013345790789,0.2622196617631684,0.022780028331819906,0.11303480731768506,-0.0787526623430465,1,0.280235002611383,0
0.14246923142956042,-0.29473263044844766,0.19415601444095756,-0.2411620568168881,0.4988765069432615,0.2622196617631684,0.022780028331819906,-0.23534083455727162,-0.0787526623430465,1,0.6185173682962349,1
0.14246923142956042,0.13832756488801579,0.19415601444095756,0.41006281735679384,0.4988765069432615,-0.08004270767353637,0.07847161544149531,0.11303480731768506,-0.0787526623430465,1,0.7096557370176833,1
0.14246923142956042,0.13832756488801579,-0.4044452202074189,-0.07961762796469163,0.4988765069432615,-0.08004270767353637,0.022780028331819906,0.11303480731768506,-0.0787526623430465,0,0.5296547569267182,1
0.14246923142956042,0.13832756488801579,0.19415601444095756,-0.07961762796469163,-0.1070327568501885,0.2622196617631684,-0.20441251460814672,0.11303480731768506,-0.0787526623430465,1,0.5902359347857922,1
0.14246923142956042,0.13832756488801579,0.19415601444095756,-0.07961762796469163,-0.1070327568501885,0.2622196617631684,0.022780028331819906,0.11303480731768506,-0.1395518804061056,0,0.6491051336473912,1
0.14246923142956042,-0.29473263044844766,0.19415601444095756,0.41006281735679384,0.4988765069432615,-0.08004270767353637,0.022780028331819906,0.11303480731768506,-0.1395518804061056,0,0.7096863952867352,1
0.4054651081081644,0.13832756488801579,-0.4044452202074189,0.41006281735679384,0.4988765069432615,0.2622196617631684,0.07847161544149531,-0.23534083455727162,-0.0787526623430465,1,0.648304271649278,1
-0.4013917827205285,0.13832756488801579,0.19415601444095756,-0.07961762796469163,-0.1070327568501885,0.2622196617631684,0.022780028331819906,0.11303480731768506,-0.0787526623430465,0,0.6058414932993287,1
-0.4013917827205285,0.13832756488801579,-0.4726044109457929,-0.2411620568168881,-0.9939013345790789,-0.413661875312343,0.022780028331819906,0.11303480731768506,-0.0787526623430465,1,0.2326001119772594,0
0.14246923142956042,-0.29473263044844766,-0.4044452202074189,-0.07961762796469163,0.4988765069432615,0.2622196617631684,0.022780028331819906,-0.23534083455727162,-0.0787526623430465,0,0.6005668747450835,1
0.14246923142956042,0.13832756488801579,-0.4044452202074189,-0.2411620568168881,-0.1070327568501885,0.2622196617631684,0.022780028331819906,0.11303480731768506,-0.0787526623430465,0,0.41691385730175873,0
0.14246923142956042,0.13832756488801579,0.19415601444095756,-0.07961762796469163,0.4988765069432615,-0.413661875312343,0.07847161544149531,0.11303480731768506,-0.0787526623430465,1,0.5289593296609449,1
-0.4013917827205285,0.13832756488801579,0.19415601444095756,0.41006281735679384,0.4988765069432615,0.2622196617631684,0.07847161544149531,0.11303480731768506,-0.0787526623430465,1,0.7762473772018142,1
-0.4013917827205285,0.3101549283038396,-0.4726044109457929,-0.4183022548688451,-0.9939013345790789,0.2622196617631684,0.022780028331819906,0.11303480731768506,-0.0787526623430465,0,0.2883272613654876,0
0.14246923142956042,0.13832756488801579,0.19415601444095756,0.41006281735679384,0.4988765069432615,0.2622196617631684,0.022780028331819906,-0.23534083455727162,-0.1395518804061056,1,0.8074736008108647,1
0.14246923142956042,0.13832756488801579,0.19415601444095756,-0.07961762796469163,0.4988765069432615,0.2622196617631684,0.07847161544149531,0.11303480731768506,-0.0787526623430465,1,0.6785105188158889,1
0.14246923142956042,-0.29473263044844766,0.19415601444095756,-0.07961762796469163,-0.1070327568501885,0.2622196617631684,0.022780028331819906,0.11303480731768506,-0.0787526623430465,1,0.505132147755495,1
-0.4013917827205285,-0.29473263044844766,-0.4044452202074189,0.41006281735679384,-0.1070327568501885,0.2622196617631684,0.07847161544149531,-0.23534083455727162,0.8627835778265842,1,0.7514092812490764,1
0.14246923142956042,0.3101549283038396,0.19415601444095756,-0.07961762796469163,0.4988765069432615,0.2622196617631684,0.022780028331819906,0.11303480731768506,-0.0787526623430465,1,0.7743673284817799,1
0.14246923142956042,0.13832756488801579,-0.4726044109457929,-0.07961762796469163,-0.9939013345790789,0.2622196617631684,0.022780028331819906,0.11303480731768506,-0.0787526623430465,0,0.413826922042064,0
0.14246923142956042,0.3101549283038396,0.19415601444095756,-0.2411620568168881,-0.1070327568501885,-0.9118363815247749,-0.20441251460814672,0.11303480731768506,0.8627835778265842,0,0.7256728197328024,1
0.14246923142956042,0.13832756488801579,0.19415601444095756,-0.07961762796469163,0.4988765069432615,-0.08004270767353637,0.07847161544149531,-0.23534083455727162,0.8627835778265842,1,0.8003845861034471,1
-0.4013917827205285,0.3101549283038396,-0.4726044109457929,-0.07961762796469163,0.4988765069432615,-0.9118363815247749,-0.20441251460814672,-0.23534083455727162,-0.0787526623430465,0,0.4420643928113563,0
0.14246923142956042,0.3101549283038396,0.19415601444095756,-0.07961762796469163,-0.1070327568501885,0.2622196617631684,0.022780028331819906,0.11303480731768506,0.8627835778265842,1,0.8820879573138862,1
0.14246923142956042,0.13832756488801579,0.19415601444095756,-0.07961762796469163,-0.1070327568501885,0.2622196617631684,0.022780028331819906,0.11303480731768506,-0.0787526623430465,1,0.5687654303680993,1
0.14246923142956042,0.13832756488801579,0.19415601444095756,-0.07961762796469163,0.4988765069432615,0.2622196617631684,0.07847161544149531,0.11303480731768506,-0.0787526623430465,1,0.6785105188158889,1
-0.4013917827205285,0.13832756488801579,0.19415601444095756,0.41006281735679384,-0.1070327568501885,-0.08004270767353637,0.022780028331819906,0.11303480731768506,-0.0787526623430465,0,0.581067239993577,1
0.14246923142956042,0.13832756488801579,0.19415601444095756,-0.07961762796469163,0.4988765069432615,0.2622196617631684,0.07847161544149531,0.11303480731768506,-0.0787526623430465,1,0.6785105188158889,1
-0.4013917827205285,-0.29473263044844766,-0.4044452202074189,0.41006281735679384,-0.9939013345790789,0.2622196617631684,0.022780028331819906,0.11303480731768506,-0.1395518804061056,0,0.33076754160160476,0
-0.4013917827205285,-0.29473263044844766,0.19415601444095756,-0.4183022548688451,-0.42314061926688673,0.2622196617631684,0.022780028331819906,0.11303480731768506,-0.0787526623430465,1,0.37560435618637,0
-0.4013917827205285,-0.29473263044844766,-0.4044452202074189,-0.07961762796469163,0.4988765069432615,0.2622196617631684,0.022780028331819906,0.11303480731768506,-0.0787526623430465,1,0.4980361142997112,0
-0.4013917827205285,-0.29473263044844766,0.19415601444095756,0.41006281735679384,0.4988765069432615,0.2622196617631684,0.022780028331819906,-0.23534083455727162,-0.0787526623430465,0,0.6890461473025199,1
0.14246923142956042,-0.29473263044844766,-0.4044452202074189,-0.07961762796469163,-0.42314061926688673,0.2622196617631684,0.07847161544149531,-0.23534083455727162,-0.0787526623430465,0,0.29299184792101507,0
0.14246923142956042,-0.29473263044844766,0.19415601444095756,-0.07961762796469163,-0.1070327568501885,-0.9118363815247749,0.022780028331819906,-0.23534083455727162,-0.0787526623430465,1,0.3079598905107666,0
0.14246923142956042,0.13832756488801579,0.19415601444095756,-0.07961762796469163,0.4988765069432615,-0.413661875312343,-0.20441251460814672,0.11303480731768506,-0.0787526623430465,1,0.3875663409267524,0
-0.4013917827205285,0.13832756488801579,0.19415601444095756,-0.2411620568168881,-0.1070327568501885,0.2622196617631684,0.022780028331819906,0.11303480731768506,-0.0787526623430465,0,0.6024913329347459,1
-0.4013917827205285,-0.29473263044844766,-0.4044452202074189,-0.07961762796469163,0.4988765069432615,0.2622196617631684,0.022780028331819906,-0.23534083455727162,-0.0787526623430465,0,0.4143684140633267,0
0.4054651081081644,0.13832756488801579,0.19415601444095756,-0.07961762796469163,-0.1070327568501885,0.2622196617631684,0.07847161544149531,0.11303480731768506,-0.0787526623430465,0,0.5853784827004723,1
0.14246923142956042,-0.29473263044844766,0.19415601444095756,-0.2411620568168881,-0.42314061926688673,0.2622196617631684,0.022780028331819906,-0.23534083455727162,-0.0787526623430465,1,0.40491517358233364,0
0.14246923142956042,0.3101549283038396,0.19415601444095756,0.41006281735679384,-0.42314061926688673,0.2622196617631684,0.022780028331819906,0.11303480731768506,-0.0787526623430465,1,0.7244031959846764,1
0.14246923142956042,0.13832756488801579,0.19415601444095756,-0.07961762796469163,-0.42314061926688673,-0.413661875312343,-0.20441251460814672,0.11303480731768506,-0.1395518804061056,1,0.5252438187628788,1
0.14246923142956042,-0.29473263044844766,0.19415601444095756,0.41006281735679384,-0.1070327568501885,0.2622196617631684,0.022780028331819906,-0.23534083455727162,0.8627835778265842,1,0.7545852608817989,1
0.14246923142956042,-0.29473263044844766,0.19415601444095756,-0.07961762796469163,-0.1070327568501885,0.2622196617631684,0.022780028331819906,0.11303480731768506,0.8627835778265842,1,0.8351531830976012,1
0.4054651081081644,-0.29473263044844766,0.19415601444095756,0.41006281735679384,0.4988765069432615,0.2622196617631684,0.07847161544149531,-0.23534083455727162,-0.0787526623430465,0,0.6737516977287948,1
0.14246923142956042,0.13832756488801579,0.19415601444095756,0.41006281735679384,-0.1070327568501885,0.2622196617631684,-0.20441251460814672,0.11303480731768506,-0.0787526623430465,0,0.7026282680902411,1
0.14246923142956042,0.13832756488801579,0.19415601444095756,0.41006281735679384,-0.1070327568501885,0.2622196617631684,0.022780028331819906,0.11303480731768506,-0.0787526623430465,1,0.6782684325498718,1
0.14246923142956042,0.13832756488801579,0.19415601444095756,-0.07961762796469163,0.4988765069432615,0.2622196617631684,0.022780028331819906,0.11303480731768506,-0.0787526623430465,1,0.6902227032261804,1
0.4054651081081644,0.13832756488801579,0.19415601444095756,-0.07961762796469163,-0.1070327568501885,0.2622196617631684,0.07847161544149531,0.11303480731768506,-0.0787526623430465,0,0.5853784827004723,1
0.14246923142956042,0.13832756488801579,-0.4726044109457929,0.41006281735679384,-0.1070327568501885,0.2622196617631684,0.022780028331819906,0.11303480731768506,-0.0787526623430465,0,0.6414416883292625,1
0.14246923142956042,0.3101549283038396,-0.4044452202074189,-0.2411620568168881,0.4988765069432615,0.2622196617631684,0.07847161544149531,0.11303480731768506,-0.0787526623430465,1,0.6417995593826175,1
0.14246923142956042,-0.29473263044844766,0.19415601444095756,-0.2411620568168881,-0.1070327568501885,0.2622196617631684,0.022780028331819906,0.11303480731768506,-0.0787526623430465,1,0.4970467455273838,0
-0.4013917827205285,0.13832756488801579,0.19415601444095756,0.41006281735679384,-0.1070327568501885,0.2622196617631684,0.07847161544149531,0.11303480731768506,-0.0787526623430465,1,0.6576236881150114,1
0.14246923142956042,0.3101549283038396,0.19415601444095756,-0.2411620568168881,0.4988765069432615,0.2622196617631684,0.07847161544149531,0.11303480731768506,-0.0787526623430465,1,0.7263631537021987,1
0.14246923142956042,0.13832756488801579,0.19415601444095756,-0.07961762796469163,0.4988765069432615,0.2622196617631684,0.022780028331819906,0.11303480731768506,0.8627835778265842,1,0.8869758499853969,1
0.14246923142956042,0.13832756488801579,0.19415601444095756,-0.07961762796469163,0.4988765069432615,0.2622196617631684,0.07847161544149531,0.11303480731768506,-0.0787526623430465,1,0.6785105188158889,1
-0.4013917827205285,0.13832756488801579,0.19415601444095756,-0.2411620568168881,-0.9939013345790789,-0.9118363815247749,-0.20441251460814672,0.11303480731768506,-0.0787526623430465,1,0.2982523881037488,0
0.14246923142956042,0.13832756488801579,0.19415601444095756,-0.4183022548688451,-0.42314061926688673,-0.413661875312343,0.022780028331819906,0.11303480731768506,-0.0787526623430465,0,0.41589925775559927,0
0.14246923142956042,0.3101549283038396,-0.4726044109457929,-0.07961762796469163,0.4988765069432615,0.2622196617631684,0.07847161544149531,0.11303480731768506,0.8627835778265842,1,0.62306781560616,1
0.14246923142956042,0.13832756488801579,0.19415601444095756,-0.07961762796469163,0.4988765069432615,0.2622196617631684,-0.20441251460814672,0.11303480731768506,-0.0787526623430465,1,0.6508168457886814,1
-0.4013917827205285,-0.29473263044844766,0.19415601444095756,-0.07961762796469163,-0.9939013345790789,-0.08004270767353637,-0.20441251460814672,0.11303480731768506,-0.0787526623430465,0,0.35095337890562456,0
0.14246923142956042,0.13832756488801579,-0.4044452202074189,0.41006281735679384,-0.9939013345790789,-0.413661875312343,0.022780028331819906,0.11303480731768506,-0.0787526623430465,1,0.3674689601716167,0
-0.4013917827205285,-0.29473263044844766,0.19415601444095756,0.41006281735679384,0.4988765069432615,-0.08004270767353637,0.07847161544149531,0.11303480731768506,-0.0787526623430465,1,0.6803988877711528,1
-0.4013917827205285,-0.29473263044844766,0.19415601444095756,-0.07961762796469163,-0.42314061926688673,0.2622196617631684,0.022780028331819906,-0.23534083455727162,-0.0787526623430465,0,0.38828598791295776,0
0.14246923142956042,0.3101549283038396,0.19415601444095756,0.41006281735679384,-0.1070327568501885,0.2622196617631684,0.022780028331819906,-0.23534083455727162,-0.0787526623430465,1,0.6907192329478425,1
0.4054651081081644,0.13832756488801579,0.19415601444095756,-0.07961762796469163,0.4988765069432615,0.2622196617631684,0.022780028331819906,0.11303480731768506,-0.0787526623430465,1,0.751695328149512,1
0.14246923142956042,0.13832756488801579,-0.4726044109457929,-0.07961762796469163,-0.1070327568501885,0.2622196617631684,0.07847161544149531,0.11303480731768506,-0.0787526623430465,0,0.4349528684817156,0
-0.4013917827205285,0.13832756488801579,0.19415601444095756,-0.07961762796469163,0.4988765069432615,0.2622196617631684,0.022780028331819906,-0.23534083455727162,0.8627835778265842,1,0.8067617214938485,1
-0.4013917827205285,-0.29473263044844766,-0.4044452202074189,-0.07961762796469163,0.4988765069432615,-0.08004270767353637,0.07847161544149531,-0.23534083455727162,0.8627835778265842,1,0.6283442265341513,1
0.14246923142956042,0.13832756488801579,0.19415601444095756,-0.07961762796469163,0.4988765069432615,0.2622196617631684,0.022780028331819906,-0.23534083455727162,-0.0787526623430465,1,0.6545927458924581,1
0.14246923142956042,-0.29473263044844766,0.19415601444095756,-0.07961762796469163,0.4988765069432615,-0.08004270767353637,0.022780028331819906,0.11303480731768506,-0.0787526623430465,1,0.5292597776698131,1
0.14246923142956042,0.13832756488801579,0.19415601444095756,-0.2411620568168881,-0.1070327568501885,0.2622196617631684,0.07847161544149531,0.11303480731768506,0.8627835778265842,0,0.8489010472609395,1
0.14246923142956042,0.13832756488801579,-0.4044452202074189,-0.07961762796469163,-0.1070327568501885,0.2622196617631684,0.022780028331819906,0.11303480731768506,-0.0787526623430465,0,0.47676803493934555,0
0.14246923142956042,0.13832756488801579,0.19415601444095756,-0.07961762796469163,0.4988765069432615,-0.08004270767353637,0.022780028331819906,0.11303480731768506,-0.1395518804061056,1,0.5854099156405652,1
-0.4013917827205285,-0.29473263044844766,0.19415601444095756,-0.2411620568168881,-0.1070327568501885,0.2622196617631684,0.022780028331819906,0.11303480731768506,-0.0787526623430465,1,0.5309414218999771,1
0.4054651081081644,-0.29473263044844766,0.19415601444095756,0.41006281735679384,-0.1070327568501885,-0.9118363815247749,0.022780028331819906,0.11303480731768506,-0.0787526623430465,1,0.5740283970474659,1
0.14246923142956042,-0.29473263044844766,-0.4044452202074189,-0.07961762796469163,-0.1070327568501885,0.2622196617631684,0.07847161544149531,-0.23534083455727162,-0.0787526623430465,1,0.3215437642490886,0
0.14246923142956042,0.13832756488801579,0.19415601444095756,-0.07961762796469163,0.4988765069432615,0.2622196617631684,0.022780028331819906,0.11303480731768506,-0.0787526623430465,1,0.6902227032261804,1
0.14246923142956042,0.13832756488801579,0.19415601444095756,0.41006281735679384,-0.1070327568501885,-0.08004270767353637,0.07847161544149531,-0.23534083455727162,-0.0787526623430465,1,0.5284080890337901,1
0.14246923142956042,0.13832756488801579,0.19415601444095756,0.41006281735679384,-0.42314061926688673,0.2622196617631684,0.07847161544149531,-0.23534083455727162,-0.0787526623430465,1,0.5935320485058031,1
0.14246923142956042,-0.29473263044844766,-0.4044452202074189,0.41006281735679384,-0.1070327568501885,0.2622196617631684,0.022780028331819906,-0.23534083455727162,-0.0787526623430465,0,0.46513147286980167,0
-0.4013917827205285,0.13832756488801579,-0.4726044109457929,-0.07961762796469163,-0.42314061926688673,0.2622196617631684,0.022780028331819906,0.11303480731768506,-0.1395518804061056,1,0.39676809887578507,0
0.14246923142956042,-0.29473263044844766,0.19415601444095756,0.41006281735679384,-0.1070327568501885,0.2622196617631684,0.022780028331819906,-0.23534083455727162,-0.0787526623430465,1,0.5325733297160435,1
-0.4013917827205285,0.13832756488801579,0.19415601444095756,-0.07961762796469163,-0.1070327568501885,-0.413661875312343,0.022780028331819906,0.11303480731768506,-0.0787526623430465,1,0.42073860828324433,0
-0.4013917827205285,-0.29473263044844766,-0.4044452202074189,-0.07961762796469163,-0.1070327568501885,0.2622196617631684,0.022780028331819906,-0.23534083455727162,0.8627835778265842,0,0.7010816539064914,1
0.14246923142956042,0.13832756488801579,0.19415601444095756,-0.2411620568168881,-0.1070327568501885,0.2622196617631684,0.022780028331819906,0.11303480731768506,-0.0787526623430465,1,0.5619327751878671,1
-0.4013917827205285,0.13832756488801579,0.19415601444095756,-0.07961762796469163,-0.1070327568501885,-0.08004270767353637,0.022780028331819906,0.11303480731768506,-0.0787526623430465,0,0.4389326114903716,0
0.14246923142956042,-0.29473263044844766,0.19415601444095756,-0.07961762796469163,-0.1070327568501885,0.2622196617631684,0.022780028331819906,-0.23534083455727162,-0.1395518804061056,1,0.4927984560288248,0
0.14246923142956042,-0.29473263044844766,-0.4044452202074189,-0.07961762796469163,0.4988765069432615,0.2622196617631684,0.022780028331819906,-0.23534083455727162,-0.0787526623430465,0,0.6005668747450835,1
0.14246923142956042,0.13832756488801579,0.19415601444095756,-0.07961762796469163,-0.1070327568501885,0.2622196617631684,0.022780028331819906,0.11303480731768506,-0.0787526623430465,1,0.5687654303680993,1
-0.4013917827205285,0.13832756488801579,0.19415601444095756,0.41006281735679384,-0.42314061926688673,-0.9118363815247749,-0.20441251460814672,-0.23534083455727162,-0.0787526623430465,1,0.5279186005951655,1
0.14246923142956042,0.3101549283038396,-0.4044452202074189,0.41006281735679384,-0.1070327568501885,-0.08004270767353637,-0.20441251460814672,-0.23534083455727162,0.8627835778265842,1,0.8345709370352178,1
0.14246923142956042,0.3101549283038396,0.19415601444095756,-0.07961762796469163,-0.1070327568501885,-0.08004270767353637,0.022780028331819906,0.11303480731768506,-0.0787526623430465,1,0.5707717729103322,1
-0.4013917827205285,-0.29473263044844766,-0.4044452202074189,-0.4183022548688451,0.4988765069432615,-0.08004270767353637,0.022780028331819906,-0.23534083455727162,0.8627835778265842,0,0.5649583697039655,1
0.14246923142956042,0.3101549283038396,-0.4726044109457929,-0.07961762796469163,-0.1070327568501885,-0.9118363815247749,0.022780028331819906,0.11303480731768506,-0.0787526623430465,0,0.3954688656477318,0
0.14246923142956042,-0.29473263044844766,-0.4044452202074189,-0.07961762796469163,-0.9939013345790789,-0.9118363815247749,0.07847161544149531,-0.23534083455727162,-0.1395518804061056,0,0.3708767721596547,0
-0.4013917827205285,0.13832756488801579,0.19415601444095756,-0.07961762796469163,-0.42314061926688673,-0.413661875312343,-0.20441251460814672,0.11303480731768506,-0.1395518804061056,0,0.4309306641697126,0
0.14246923142956042,0.13832756488801579,-0.4726044109457929,0.41006281735679384,-0.1070327568501885,0.2622196617631684,-0.20441251460814672,0.11303480731768506,-0.0787526623430465,1,0.7267074810645847,1
0.14246923142956042,-0.29473263044844766,0.19415601444095756,-0.07961762796469163,-0.42314061926688673,-0.9118363815247749,0.022780028331819906,0.11303480731768506,-0.0787526623430465,0,0.3116429783154947,0
-0.4013917827205285,0.13832756488801579,0.19415601444095756,-0.4183022548688451,0.4988765069432615,0.2622196617631684,0.07847161544149531,0.11303480731768506,-0.0787526623430465,1,0.7080140961349797,1
0.14246923142956042,0.13832756488801579,0.19415601444095756,-0.2411620568168881,0.4988765069432615,0.2622196617631684,0.022780028331819906,0.11303480731768506,-0.0787526623430465,1,0.6625413060446568,1
0.14246923142956042,0.13832756488801579,0.19415601444095756,-0.4183022548688451,-0.1070327568501885,0.2622196617631684,0.022780028331819906,-0.23534083455727162,-0.0787526623430465,1,0.4016335024655767,0
0.14246923142956042,0.13832756488801579,0.19415601444095756,-0.2411620568168881,0.4988765069432615,0.2622196617631684,0.07847161544149531,0.11303480731768506,-0.1395518804061056,1,0.7018354032185258,1
-0.4013917827205285,-0.29473263044844766,-0.4044452202074189,-0.2411620568168881,0.4988765069432615,-0.08004270767353637,0.07847161544149531,-0.23534083455727162,-0.1395518804061056,1,0.35212417877333996,0
-0.4013917827205285,0.13832756488801579,0.19415601444095756,-0.4183022548688451,0.4988765069432615,-0.08004270767353637,-0.20441251460814672,-0.23534083455727162,-0.0787526623430465,1,0.4697393191523303,0
0.14246923142956042,0.13832756488801579,0.19415601444095756,0.41006281735679384,-0.1070327568501885,0.2622196617631684,0.022780028331819906,0.11303480731768506,-0.0787526623430465,0,0.6782684325498718,1
0.14246923142956042,0.13832756488801579,0.19415601444095756,-0.07961762796469163,0.4988765069432615,0.2622196617631684,0.022780028331819906,0.11303480731768506,-0.0787526623430465,1,0.6902227032261804,1
0.14246923142956042,0.3101549283038396,0.19415601444095756,-0.07961762796469163,-0.1070327568501885,0.2622196617631684,0.022780028331819906,0.11303480731768506,-0.0787526623430465,1,0.6647979977710026,1
0.4054651081081644,0.13832756488801579,0.19415601444095756,0.41006281735679384,-0.1070327568501885,0.2622196617631684,0.022780028331819906,0.11303480731768506,-0.0787526623430465,1,0.5952362163536603,1
0.14246923142956042,-0.29473263044844766,-0.4044452202074189,-0.07961762796469163,-0.1070327568501885,0.2622196617631684,0.022780028331819906,-0.23534083455727162,-0.0787526623430465,0,0.3730702509643782,0
-0.4013917827205285,0.13832756488801579,0.19415601444095756,-0.07961762796469163,0.4988765069432615,0.2622196617631684,0.07847161544149531,0.11303480731768506,-0.0787526623430465,0,0.6790710393060658,1
0.14246923142956042,0.13832756488801579,0.19415601444095756,0.41006281735679384,0.4988765069432615,0.2622196617631684,0.022780028331819906,0.11303480731768506,-0.0787526623430465,1,0.7987503820077211,1
0.14246923142956042,0.13832756488801579,0.19415601444095756,-0.07961762796469163,0.4988765069432615,0.2622196617631684,-0.20441251460814672,0.11303480731768506,-0.0787526623430465,1,0.6508168457886814,1
0.14246923142956042,0.13832756488801579,-0.4726044109457929,0.41006281735679384,0.4988765069432615,0.2622196617631684,0.022780028331819906,0.11303480731768506,-0.0787526623430465,0,0.7138248327355673,1
0.14246923142956042,-0.29473263044844766,-0.4044452202074189,0.41006281735679384,0.4988765069432615,0.2622196617631684,0.022780028331819906,-0.23534083455727162,-0.0787526623430465,0,0.71119351783105,1
0.14246923142956042,-0.29473263044844766,0.19415601444095756,0.41006281735679384,0.4988765069432615,-0.08004270767353637,0.07847161544149531,-0.23534083455727162,-0.0787526623430465,0,0.654676214009599,1
0.14246923142956042,0.3101549283038396,0.19415601444095756,-0.07961762796469163,0.4988765069432615,-0.08004270767353637,0.07847161544149531,0.11303480731768506,-0.0787526623430465,1,0.635434022473373,1
0.14246923142956042,0.13832756488801579,0.19415601444095756,-0.07961762796469163,0.4988765069432615,0.2622196617631684,0.022780028331819906,-0.23534083455727162,0.8627835778265842,1,0.8241443803819166,1
0.14246923142956042,0.13832756488801579,0.19415601444095756,-0.2411620568168881,-0.9939013345790789,-0.413661875312343,0.022780028331819906,0.11303480731768506,-0.0787526623430465,0,0.3984312689208513,0
-0.4013917827205285,-0.29473263044844766,-0.4044452202074189,-0.07961762796469163,0.4988765069432615,0.2622196617631684,0.07847161544149531,-0.23534083455727162,-0.0787526623430465,0,0.4486439491599349,0
-0.4013917827205285,0.3101549283038396,0.19415601444095756,0.41006281735679384,0.4988765069432615,-0.9118363815247749,0.022780028331819906,0.11303480731768506,-0.0787526623430465,1,0.6146558349958738,1
0.14246923142956042,0.13832756488801579,-0.4726044109457929,-0.07961762796469163,-0.1070327568501885,0.2622196617631684,-0.20441251460814672,0.11303480731768506,-0.0787526623430465,1,0.5896393978935244,1
0.14246923142956042,-0.29473263044844766,0.19415601444095756,-0.2411620568168881,-0.42314061926688673,-0.9118363815247749,0.022780028331819906,0.11303480731768506,-0.0787526623430465,0,0.3191902989195711,0
0.14246923142956042,0.13832756488801579,0.19415601444095756,-0.07961762796469163,0.4988765069432615,0.2622196617631684,0.07847161544149531,0.11303480731768506,-0.0787526623430465,1,0.6785105188158889,1
0.14246923142956042,0.13832756488801579,0.19415601444095756,0.41006281735679384,-0.9939013345790789,-0.9118363815247749,0.022780028331819906,0.11303480731768506,-0.0787526623430465,1,0.3881836588732962,0
0.14246923142956042,-0.29473263044844766,-0.4726044109457929,0.41006281735679384,-0.9939013345790789,0.2622196617631684,0.022780028331819906,0.11303480731768506,-0.0787526623430465,0,0.46499753316312803,0
0.14246923142956042,0.13832756488801579,0.19415601444095756,-0.2411620568168881,-0.42314061926688673,-0.413661875312343,0.022780028331819906,0.11303480731768506,-0.0787526623430465,1,0.42340769462789507,0
-0.4013917827205285,0.13832756488801579,0.19415601444095756,-0.4183022548688451,-0.1070327568501885,0.2622196617631684,0.022780028331819906,0.11303480731768506,-0.0787526623430465,1,0.501870735893912,1
0.14246923142956042,0.13832756488801579,0.19415601444095756,-0.07961762796469163,-0.42314061926688673,-0.08004270767353637,0.022780028331819906,0.11303480731768506,0.8627835778265842,1,0.7994949061817167,1
-0.4013917827205285,0.3101549283038396,-0.4726044109457929,-0.07961762796469163,-0.42314061926688673,-0.9118363815247749,-0.20441251460814672,0.11303480731768506,-0.0787526623430465,0,0.48115182942592805,0
0.14246923142956042,0.13832756488801579,0.19415601444095756,-0.4183022548688451,0.4988765069432615,0.2622196617631684,0.022780028331819906,0.11303480731768506,-0.0787526623430465,1,0.6674430051600999,1
0.14246923142956042,-0.29473263044844766,-0.4044452202074189,0.41006281735679384,-0.1070327568501885,0.2622196617631684,0.07847161544149531,0.11303480731768506,-0.0787526623430465,0,0.47512308352199156,0
0.14246923142956042,0.13832756488801579,0.19415601444095756,-0.07961762796469163,0.4988765069432615,0.2622196617631684,0.07847161544149531,0.11303480731768506,-0.0787526623430465,1,0.6785105188158889,1
-0.4013917827205285,-0.29473263044844766,0.19415601444095756,-0.07961762796469163,-0.1070327568501885,0.2622196617631684,0.022780028331819906,-0.23534083455727162,-0.1395518804061056,0,0.45608985314015427,0
0.14246923142956042,-0.29473263044844766,-0.4044452202074189,-0.07961762796469163,0.4988765069432615,-0.9118363815247749,0.022780028331819906,-0.23534083455727162,-0.0787526623430465,1,0.3596822579647704,0
0.14246923142956042,-0.29473263044844766,0.19415601444095756,0.41006281735679384,-0.42314061926688673,0.2622196617631684,0.022780028331819906,-0.23534083455727162,-0.0787526623430465,1,0.5427639712166044,1
-0.4013917827205285,0.13832756488801579,0.19415601444095756,-0.07961762796469163,0.4988765069432615,0.2622196617631684,-0.20441251460814672,0.11303480731768506,0.8627835778265842,1,0.8314133499687896,1
0.14246923142956042,0.13832756488801579,-0.4726044109457929,0.41006281735679384,0.4988765069432615,-0.08004270767353637,0.022780028331819906,0.11303480731768506,-0.0787526623430465,1,0.6953399921572894,1
-0.4013917827205285,0.13832756488801579,-0.4044452202074189,-0.4183022548688451,-0.42314061926688673,-0.9118363815247749,0.022780028331819906,0.11303480731768506,-0.1395518804061056,1,0.3082668399812413,0
0.14246923142956042,0.13832756488801579,0.19415601444095756,-0.07961762796469163,-0.42314061926688673,0.2622196617631684,0.022780028331819906,0.11303480731768506,-0.0787526623430465,0,0.5338969620440053,1
0.14246923142956042,-0.29473263044844766,0.19415601444095756,0.41006281735679384,-0.1070327568501885,0.2622196617631684,0.022780028331819906,-0.23534083455727162,-0.0787526623430465,1,0.5325733297160435,1
0.14246923142956042,-0.29473263044844766,0.19415601444095756,-0.07961762796469163,0.4988765069432615,0.2622196617631684,0.022780028331819906,0.11303480731768506,-0.0787526623430465,1,0.606964416383764,1
0.14246923142956042,0.3101549283038396,0.19415601444095756,-0.4183022548688451,0.4988765069432615,-0.08004270767353637,0.022780028331819906,0.11303480731768506,0.8627835778265842,1,0.7871744362598845,1
0.14246923142956042,0.13832756488801579,0.19415601444095756,-0.07961762796469163,-0.42314061926688673,0.2622196617631684,0.022780028331819906,0.11303480731768506,-0.0787526623430465,1,0.5338969620440053,1
0.14246923142956042,0.13832756488801579,-0.4726044109457929,-0.07961762796469163,-0.9939013345790789,-0.413661875312343,0.022780028331819906,0.11303480731768506,-0.0787526623430465,1,0.29560851061149135,0
-0.4013917827205285,-0.29473263044844766,-0.4044452202074189,0.41006281735679384,0.4988765069432615,0.2622196617631684,0.022780028331819906,0.11303480731768506,-0.0787526623430465,0,0.6008089665461064,1
-0.4013917827205285,-0.29473263044844766,0.19415601444095756,-0.07961762796469163,0.4988765069432615,-0.08004270767353637,0.022780028331819906,0.11303480731768506,0.8627835778265842,1,0.6610562200256335,1
0.14246923142956042,0.3101549283038396,-0.4726044109457929,-0.4183022548688451,0.4988765069432615,0.2622196617631684,0.07847161544149531,-0.23534083455727162,-0.0787526623430465,1,0.6330057098279157,1
0.14246923142956042,0.13832756488801579,0.19415601444095756,-0.07961762796469163,-0.1070327568501885,0.2622196617631684,-0.20441251460814672,-0.23534083455727162,0.8627835778265842,1,0.8597767271512333,1
0.14246923142956042,0.13832756488801579,0.19415601444095756,0.41006281735679384,-0.1070327568501885,0.2622196617631684,0.022780028331819906,0.11303480731768506,0.8627835778265842,0,0.9135606663136859,1
0.14246923142956042,-0.29473263044844766,-0.4044452202074189,-0.07961762796469163,0.4988765069432615,0.2622196617631684,0.07847161544149531,-0.23534083455727162,0.8627835778265842,1,0.776005378702085,1
0.14246923142956042,0.13832756488801579,0.19415601444095756,-0.07961762796469163,-0.42314061926688673,-0.413661875312343,0.022780028331819906,-0.23534083455727162,0.8627835778265842,1,0.658113976072888,1
0.14246923142956042,0.3101549283038396,0.19415601444095756,0.41006281735679384,0.4988765069432615,0.2622196617631684,0.022780028331819906,0.11303480731768506,-0.0787526623430465,1,0.8588327933533958,1
0.14246923142956042,0.13832756488801579,0.19415601444095756,0.41006281735679384,-0.1070327568501885,0.2622196617631684,0.022780028331819906,0.11303480731768506,0.8627835778265842,1,0.9135606663136859,1
0.14246923142956042,-0.29473263044844766,0.19415601444095756,-0.2411620568168881,-0.1070327568501885,-0.413661875312343,0.07847161544149531,0.11303480731768506,-0.0787526623430465,1,0.4501639353409821,0
-0.4013917827205285,0.13832756488801579,0.19415601444095756,-0.07961762796469163,0.4988765069432615,0.2622196617631684,0.022780028331819906,0.11303480731768506,-0.1395518804061056,0,0.734090949984204,1
0.14246923142956042,-0.29473263044844766,0.19415601444095756,0.41006281735679384,-0.42314061926688673,-0.9118363815247749,-0.20441251460814672,0.11303480731768506,-0.0787526623430465,0,0.4913851052099978,0
-0.4013917827205285,-0.29473263044844766,0.19415601444095756,-0.2411620568168881,0.4988765069432615,-0.08004270767353637,0.07847161544149531,0.11303480731768506,-0.0787526623430465,1,0.4332644292424031,0
